{"cameraMode":{"drawMode":0,"name":"Shaded","section":"Shading Mode"},"sceneLighting":true,"audioPlay":false,"sceneViewState":{"showFog":true,"showMaterialUpdate":false,"showSkybox":true,"showFlares":true,"showImageEffects":true,"showParticleSystems":true},"in2DMode":false,"pivot":{"x":0.5817147493362427,"y":9.845701217651368,"z":7.84229040145874},"rotation":{"x":0.27488863468170168,"y":0.45953381061553957,"z":-0.15198452770709992,"w":0.8308202028274536},"size":29.913270950317384,"orthographic":true}